date,day,type
01/01/2019,tuesday,1
02/01/2019,wednesday,0
03/01/2019,thursday,0
04/01/2019,friday,0
05/01/2019,saturday,0
06/01/2019,sunday,0
07/01/2019,monday,1
08/01/2019,tuesday,0
09/01/2019,wednesday,0
10/01/2019,thursday,0
11/01/2019,friday,0
12/01/2019,saturday,0
13/01/2019,sunday,0
14/01/2019,monday,0
15/01/2019,tuesday,0
16/01/2019,wednesday,0
17/01/2019,thursday,0
18/01/2019,friday,0
19/01/2019,saturday,0
20/01/2019,sunday,0
21/01/2019,monday,0
22/01/2019,tuesday,0
23/01/2019,wednesday,0
24/01/2019,thursday,0
25/01/2019,friday,0
26/01/2019,saturday,0
27/01/2019,sunday,0
28/01/2019,monday,0
29/01/2019,tuesday,0
30/01/2019,wednesday,0
31/01/2019,thursday,0
01/02/2019,friday,0
02/02/2019,saturday,0
03/02/2019,sunday,0
04/02/2019,monday,0
05/02/2019,tuesday,0
06/02/2019,wednesday,0
07/02/2019,thursday,0
08/02/2019,friday,0
09/02/2019,saturday,0
10/02/2019,sunday,0
11/02/2019,monday,0
12/02/2019,tuesday,0
13/02/2019,wednesday,0
14/02/2019,thursday,0
15/02/2019,friday,0
16/02/2019,saturday,0
17/02/2019,sunday,0
18/02/2019,monday,0
19/02/2019,tuesday,0
20/02/2019,wednesday,0
21/02/2019,thursday,0
22/02/2019,friday,0
23/02/2019,saturday,0
24/02/2019,sunday,0
25/02/2019,monday,0
26/02/2019,tuesday,0
27/02/2019,wednesday,0
28/02/2019,thursday,0
01/03/2019,friday,0
02/03/2019,saturday,0
03/03/2019,sunday,0
04/03/2019,monday,0
05/03/2019,tuesday,0
06/03/2019,wednesday,0
07/03/2019,thursday,0
08/03/2019,friday,0
09/03/2019,saturday,0
10/03/2019,sunday,0
11/03/2019,monday,0
12/03/2019,tuesday,0
13/03/2019,wednesday,0
14/03/2019,thursday,0
15/03/2019,friday,0
16/03/2019,saturday,0
17/03/2019,sunday,0
18/03/2019,monday,0
19/03/2019,tuesday,0
20/03/2019,wednesday,0
21/03/2019,thursday,0
22/03/2019,friday,0
23/03/2019,saturday,0
24/03/2019,sunday,0
25/03/2019,monday,0
26/03/2019,tuesday,0
27/03/2019,wednesday,0
28/03/2019,thursday,0
29/03/2019,friday,0
30/03/2019,saturday,0
31/03/2019,sunday,0
01/04/2019,monday,0
02/04/2019,tuesday,0
03/04/2019,wednesday,0
04/04/2019,thursday,0
05/04/2019,friday,0
06/04/2019,saturday,0
07/04/2019,sunday,0
08/04/2019,monday,0
09/04/2019,tuesday,0
10/04/2019,wednesday,0
11/04/2019,thursday,0
12/04/2019,friday,0
13/04/2019,saturday,0
14/04/2019,sunday,0
15/04/2019,monday,0
16/04/2019,tuesday,0
17/04/2019,wednesday,0
18/04/2019,thursday,1
19/04/2019,friday,1
20/04/2019,saturday,0
21/04/2019,sunday,0
22/04/2019,monday,0
23/04/2019,tuesday,0
24/04/2019,wednesday,0
25/04/2019,thursday,0
26/04/2019,friday,0
27/04/2019,saturday,0
28/04/2019,sunday,0
29/04/2019,monday,0
30/04/2019,tuesday,0
01/05/2019,wednesday,1
02/05/2019,thursday,0
03/05/2019,friday,0
04/05/2019,saturday,0
05/05/2019,sunday,0
06/05/2019,monday,0
07/05/2019,tuesday,0
08/05/2019,wednesday,0
09/05/2019,thursday,0
10/05/2019,friday,0
11/05/2019,saturday,0
12/05/2019,sunday,0
13/05/2019,monday,0
14/05/2019,tuesday,0
15/05/2019,wednesday,0
16/05/2019,thursday,0
17/05/2019,friday,0
18/05/2019,saturday,0
19/05/2019,sunday,0
20/05/2019,monday,0
21/05/2019,tuesday,0
22/05/2019,wednesday,0
23/05/2019,thursday,0
24/05/2019,friday,0
25/05/2019,saturday,0
26/05/2019,sunday,0
27/05/2019,monday,0
28/05/2019,tuesday,0
29/05/2019,wednesday,0
30/05/2019,thursday,0
31/05/2019,friday,0
01/06/2019,saturday,0
02/06/2019,sunday,0
03/06/2019,monday,0
04/06/2019,tuesday,0
05/06/2019,wednesday,0
06/06/2019,thursday,0
07/06/2019,friday,0
08/06/2019,saturday,0
09/06/2019,sunday,0
10/06/2019,monday,0
11/06/2019,tuesday,0
12/06/2019,wednesday,0
13/06/2019,thursday,0
14/06/2019,friday,0
15/06/2019,saturday,0
16/06/2019,sunday,0
17/06/2019,monday,0
18/06/2019,tuesday,0
19/06/2019,wednesday,0
20/06/2019,thursday,0
21/06/2019,friday,0
22/06/2019,saturday,0
23/06/2019,sunday,0
24/06/2019,monday,0
25/06/2019,tuesday,0
26/06/2019,wednesday,0
27/06/2019,thursday,0
28/06/2019,friday,0
29/06/2019,saturday,0
30/06/2019,sunday,0
01/07/2019,monday,0
02/07/2019,tuesday,0
03/07/2019,wednesday,0
04/07/2019,thursday,0
05/07/2019,friday,0
06/07/2019,saturday,0
07/07/2019,sunday,0
08/07/2019,monday,0
09/07/2019,tuesday,0
10/07/2019,wednesday,0
11/07/2019,thursday,0
12/07/2019,friday,0
13/07/2019,saturday,0
14/07/2019,sunday,0
15/07/2019,monday,0
16/07/2019,tuesday,0
17/07/2019,wednesday,0
18/07/2019,thursday,0
19/07/2019,friday,0
20/07/2019,saturday,0
21/07/2019,sunday,0
22/07/2019,monday,0
23/07/2019,tuesday,0
24/07/2019,wednesday,0
25/07/2019,thursday,0
26/07/2019,friday,0
27/07/2019,saturday,0
28/07/2019,sunday,0
29/07/2019,monday,0
30/07/2019,tuesday,0
31/07/2019,wednesday,0
01/08/2019,thursday,0
02/08/2019,friday,0
03/08/2019,saturday,0
04/08/2019,sunday,0
05/08/2019,monday,0
06/08/2019,tuesday,0
07/08/2019,wednesday,0
08/08/2019,thursday,0
09/08/2019,friday,0
10/08/2019,saturday,0
11/08/2019,sunday,0
12/08/2019,monday,0
13/08/2019,tuesday,0
14/08/2019,wednesday,0
15/08/2019,thursday,1
16/08/2019,friday,0
17/08/2019,saturday,0
18/08/2019,sunday,0
19/08/2019,monday,0
20/08/2019,tuesday,0
21/08/2019,wednesday,0
22/08/2019,thursday,0
23/08/2019,friday,0
24/08/2019,saturday,0
25/08/2019,sunday,0
26/08/2019,monday,0
27/08/2019,tuesday,0
28/08/2019,wednesday,0
29/08/2019,thursday,0
30/08/2019,friday,0
31/08/2019,saturday,0
01/09/2019,sunday,0
02/09/2019,monday,0
03/09/2019,tuesday,0
04/09/2019,wednesday,0
05/09/2019,thursday,0
06/09/2019,friday,0
07/09/2019,saturday,0
08/09/2019,sunday,0
09/09/2019,monday,1
10/09/2019,tuesday,0
11/09/2019,wednesday,0
12/09/2019,thursday,0
13/09/2019,friday,0
14/09/2019,saturday,0
15/09/2019,sunday,0
16/09/2019,monday,0
17/09/2019,tuesday,0
18/09/2019,wednesday,0
19/09/2019,thursday,0
20/09/2019,friday,0
21/09/2019,saturday,0
22/09/2019,sunday,0
23/09/2019,monday,0
24/09/2019,tuesday,0
25/09/2019,wednesday,0
26/09/2019,thursday,0
27/09/2019,friday,0
28/09/2019,saturday,0
29/09/2019,sunday,0
30/09/2019,monday,0
01/10/2019,tuesday,0
02/10/2019,wednesday,0
03/10/2019,thursday,0
04/10/2019,friday,0
05/10/2019,saturday,0
06/10/2019,sunday,0
07/10/2019,monday,0
08/10/2019,tuesday,0
09/10/2019,wednesday,0
10/10/2019,thursday,0
11/10/2019,friday,0
12/10/2019,saturday,1
13/10/2019,sunday,0
14/10/2019,monday,0
15/10/2019,tuesday,0
16/10/2019,wednesday,0
17/10/2019,thursday,0
18/10/2019,friday,0
19/10/2019,saturday,0
20/10/2019,sunday,0
21/10/2019,monday,0
22/10/2019,tuesday,0
23/10/2019,wednesday,0
24/10/2019,thursday,0
25/10/2019,friday,0
26/10/2019,saturday,0
27/10/2019,sunday,0
28/10/2019,monday,0
29/10/2019,tuesday,0
30/10/2019,wednesday,0
31/10/2019,thursday,0
01/11/2019,friday,1
02/11/2019,saturday,0
03/11/2019,sunday,0
04/11/2019,monday,0
05/11/2019,tuesday,0
06/11/2019,wednesday,0
07/11/2019,thursday,0
08/11/2019,friday,0
09/11/2019,saturday,0
10/11/2019,sunday,0
11/11/2019,monday,0
12/11/2019,tuesday,0
13/11/2019,wednesday,0
14/11/2019,thursday,0
15/11/2019,friday,0
16/11/2019,saturday,0
17/11/2019,sunday,0
18/11/2019,monday,0
19/11/2019,tuesday,0
20/11/2019,wednesday,0
21/11/2019,thursday,0
22/11/2019,friday,0
23/11/2019,saturday,0
24/11/2019,sunday,0
25/11/2019,monday,0
26/11/2019,tuesday,0
27/11/2019,wednesday,0
28/11/2019,thursday,0
29/11/2019,friday,0
30/11/2019,saturday,0
01/12/2019,sunday,0
02/12/2019,monday,0
03/12/2019,tuesday,0
04/12/2019,wednesday,0
05/12/2019,thursday,0
06/12/2019,friday,1
07/12/2019,saturday,0
08/12/2019,sunday,0
09/12/2019,monday,1
10/12/2019,tuesday,0
11/12/2019,wednesday,0
12/12/2019,thursday,0
13/12/2019,friday,0
14/12/2019,saturday,0
15/12/2019,sunday,0
16/12/2019,monday,0
17/12/2019,tuesday,0
18/12/2019,wednesday,0
19/12/2019,thursday,0
20/12/2019,friday,0
21/12/2019,saturday,0
22/12/2019,sunday,0
23/12/2019,monday,0
24/12/2019,tuesday,0
25/12/2019,wednesday,1
26/12/2019,thursday,0
27/12/2019,friday,0
28/12/2019,saturday,0
29/12/2019,sunday,0
30/12/2019,monday,0
31/12/2019,tuesday,0
01/01/2020,wednesday,1
02/01/2020,thursday,0
03/01/2020,friday,0
04/01/2020,saturday,0
05/01/2020,sunday,0
06/01/2020,monday,1
07/01/2020,tuesday,0
08/01/2020,wednesday,0
09/01/2020,thursday,0
10/01/2020,friday,0
11/01/2020,saturday,0
12/01/2020,sunday,0
13/01/2020,monday,0
14/01/2020,tuesday,0
15/01/2020,wednesday,0
16/01/2020,thursday,0
17/01/2020,friday,0
18/01/2020,saturday,0
19/01/2020,sunday,0
20/01/2020,monday,0
21/01/2020,tuesday,0
22/01/2020,wednesday,0
23/01/2020,thursday,0
24/01/2020,friday,0
25/01/2020,saturday,0
26/01/2020,sunday,0
27/01/2020,monday,0
28/01/2020,tuesday,0
29/01/2020,wednesday,0
30/01/2020,thursday,0
31/01/2020,friday,0
01/02/2020,saturday,0
02/02/2020,sunday,0
03/02/2020,monday,0
04/02/2020,tuesday,0
05/02/2020,wednesday,0
06/02/2020,thursday,0
07/02/2020,friday,0
08/02/2020,saturday,0
09/02/2020,sunday,0
10/02/2020,monday,0
11/02/2020,tuesday,0
12/02/2020,wednesday,0
13/02/2020,thursday,0
14/02/2020,friday,0
15/02/2020,saturday,0
16/02/2020,sunday,0
17/02/2020,monday,0
18/02/2020,tuesday,0
19/02/2020,wednesday,0
20/02/2020,thursday,0
21/02/2020,friday,0
22/02/2020,saturday,0
23/02/2020,sunday,0
24/02/2020,monday,0
25/02/2020,tuesday,0
26/02/2020,wednesday,0
27/02/2020,thursday,0
28/02/2020,friday,0
29/02/2020,saturday,0
01/03/2020,sunday,0
02/03/2020,monday,0
03/03/2020,tuesday,0
04/03/2020,wednesday,0
05/03/2020,thursday,0
06/03/2020,friday,0
07/03/2020,saturday,0
08/03/2020,sunday,0
09/03/2020,monday,0
10/03/2020,tuesday,0
11/03/2020,wednesday,0
12/03/2020,thursday,0
13/03/2020,friday,0
14/03/2020,saturday,0
15/03/2020,sunday,0
16/03/2020,monday,0
17/03/2020,tuesday,0
18/03/2020,wednesday,0
19/03/2020,thursday,0
20/03/2020,friday,0
21/03/2020,saturday,0
22/03/2020,sunday,0
23/03/2020,monday,0
24/03/2020,tuesday,0
25/03/2020,wednesday,0
26/03/2020,thursday,0
27/03/2020,friday,0
28/03/2020,saturday,0
29/03/2020,sunday,0
30/03/2020,monday,0
31/03/2020,tuesday,0
01/04/2020,wednesday,0
02/04/2020,thursday,0
03/04/2020,friday,0
04/04/2020,saturday,0
05/04/2020,sunday,0
06/04/2020,monday,0
07/04/2020,tuesday,0
08/04/2020,wednesday,0
09/04/2020,thursday,1
10/04/2020,friday,1
11/04/2020,saturday,0
12/04/2020,sunday,0
13/04/2020,monday,0
14/04/2020,tuesday,0
15/04/2020,wednesday,0
16/04/2020,thursday,0
17/04/2020,friday,0
18/04/2020,saturday,0
19/04/2020,sunday,0
20/04/2020,monday,0
21/04/2020,tuesday,0
22/04/2020,wednesday,0
23/04/2020,thursday,0
24/04/2020,friday,0
25/04/2020,saturday,0
26/04/2020,sunday,0
27/04/2020,monday,0
28/04/2020,tuesday,0
29/04/2020,wednesday,0
30/04/2020,thursday,0
01/05/2020,friday,1
02/05/2020,saturday,0
03/05/2020,sunday,0
04/05/2020,monday,0
05/05/2020,tuesday,0
06/05/2020,wednesday,0
07/05/2020,thursday,0
08/05/2020,friday,0
09/05/2020,saturday,0
10/05/2020,sunday,0
11/05/2020,monday,0
12/05/2020,tuesday,0
13/05/2020,wednesday,0
14/05/2020,thursday,0
15/05/2020,friday,0
16/05/2020,saturday,0
17/05/2020,sunday,0
18/05/2020,monday,0
19/05/2020,tuesday,0
20/05/2020,wednesday,0
21/05/2020,thursday,0
22/05/2020,friday,0
23/05/2020,saturday,0
24/05/2020,sunday,0
25/05/2020,monday,0
26/05/2020,tuesday,0
27/05/2020,wednesday,0
28/05/2020,thursday,0
29/05/2020,friday,0
30/05/2020,saturday,0
31/05/2020,sunday,0
01/06/2020,monday,0
02/06/2020,tuesday,0
03/06/2020,wednesday,0
04/06/2020,thursday,0
05/06/2020,friday,0
06/06/2020,saturday,0
07/06/2020,sunday,0
08/06/2020,monday,0
09/06/2020,tuesday,0
10/06/2020,wednesday,0
11/06/2020,thursday,0
12/06/2020,friday,0
13/06/2020,saturday,0
14/06/2020,sunday,0
15/06/2020,monday,0
16/06/2020,tuesday,0
17/06/2020,wednesday,0
18/06/2020,thursday,0
19/06/2020,friday,0
20/06/2020,saturday,0
21/06/2020,sunday,0
22/06/2020,monday,0
23/06/2020,tuesday,0
24/06/2020,wednesday,0
25/06/2020,thursday,0
26/06/2020,friday,0
27/06/2020,saturday,0
28/06/2020,sunday,0
29/06/2020,monday,0
30/06/2020,tuesday,0
01/07/2020,wednesday,0
02/07/2020,thursday,0
03/07/2020,friday,0
04/07/2020,saturday,0
05/07/2020,sunday,0
06/07/2020,monday,0
07/07/2020,tuesday,0
08/07/2020,wednesday,0
09/07/2020,thursday,0
10/07/2020,friday,0
11/07/2020,saturday,0
12/07/2020,sunday,0
13/07/2020,monday,0
14/07/2020,tuesday,0
15/07/2020,wednesday,0
16/07/2020,thursday,0
17/07/2020,friday,0
18/07/2020,saturday,0
19/07/2020,sunday,0
20/07/2020,monday,0
21/07/2020,tuesday,0
22/07/2020,wednesday,0
23/07/2020,thursday,0
24/07/2020,friday,0
25/07/2020,saturday,0
26/07/2020,sunday,0
27/07/2020,monday,0
28/07/2020,tuesday,0
29/07/2020,wednesday,0
30/07/2020,thursday,0
31/07/2020,friday,0
01/08/2020,saturday,0
02/08/2020,sunday,0
03/08/2020,monday,0
04/08/2020,tuesday,0
05/08/2020,wednesday,0
06/08/2020,thursday,0
07/08/2020,friday,0
08/08/2020,saturday,0
09/08/2020,sunday,0
10/08/2020,monday,0
11/08/2020,tuesday,0
12/08/2020,wednesday,0
13/08/2020,thursday,0
14/08/2020,friday,0
15/08/2020,saturday,1
16/08/2020,sunday,0
17/08/2020,monday,0
18/08/2020,tuesday,0
19/08/2020,wednesday,0
20/08/2020,thursday,0
21/08/2020,friday,0
22/08/2020,saturday,0
23/08/2020,sunday,0
24/08/2020,monday,0
25/08/2020,tuesday,0
26/08/2020,wednesday,0
27/08/2020,thursday,0
28/08/2020,friday,0
29/08/2020,saturday,0
30/08/2020,sunday,0
31/08/2020,monday,0
01/09/2020,tuesday,0
02/09/2020,wednesday,0
03/09/2020,thursday,0
04/09/2020,friday,0
05/09/2020,saturday,0
06/09/2020,sunday,0
07/09/2020,monday,0
08/09/2020,tuesday,1
09/09/2020,wednesday,0
10/09/2020,thursday,0
11/09/2020,friday,0
12/09/2020,saturday,0
13/09/2020,sunday,0
14/09/2020,monday,0
15/09/2020,tuesday,0
16/09/2020,wednesday,0
17/09/2020,thursday,0
18/09/2020,friday,0
19/09/2020,saturday,0
20/09/2020,sunday,0
21/09/2020,monday,0
22/09/2020,tuesday,0
23/09/2020,wednesday,0
24/09/2020,thursday,0
25/09/2020,friday,0
26/09/2020,saturday,0
27/09/2020,sunday,0
28/09/2020,monday,0
29/09/2020,tuesday,0
30/09/2020,wednesday,0
01/10/2020,thursday,0
02/10/2020,friday,0
03/10/2020,saturday,0
04/10/2020,sunday,0
05/10/2020,monday,0
06/10/2020,tuesday,0
07/10/2020,wednesday,0
08/10/2020,thursday,0
09/10/2020,friday,0
10/10/2020,saturday,0
11/10/2020,sunday,0
12/10/2020,monday,1
13/10/2020,tuesday,0
14/10/2020,wednesday,0
15/10/2020,thursday,0
16/10/2020,friday,0
17/10/2020,saturday,0
18/10/2020,sunday,0
19/10/2020,monday,0
20/10/2020,tuesday,0
21/10/2020,wednesday,0
22/10/2020,thursday,0
23/10/2020,friday,0
24/10/2020,saturday,0
25/10/2020,sunday,0
26/10/2020,monday,0
27/10/2020,tuesday,0
28/10/2020,wednesday,0
29/10/2020,thursday,0
30/10/2020,friday,0
31/10/2020,saturday,0
01/11/2020,sunday,0
02/11/2020,monday,1
03/11/2020,tuesday,0
04/11/2020,wednesday,0
05/11/2020,thursday,0
06/11/2020,friday,0
07/11/2020,saturday,0
08/11/2020,sunday,0
09/11/2020,monday,0
10/11/2020,tuesday,0
11/11/2020,wednesday,0
12/11/2020,thursday,0
13/11/2020,friday,0
14/11/2020,saturday,0
15/11/2020,sunday,0
16/11/2020,monday,0
17/11/2020,tuesday,0
18/11/2020,wednesday,0
19/11/2020,thursday,0
20/11/2020,friday,0
21/11/2020,saturday,0
22/11/2020,sunday,0
23/11/2020,monday,0
24/11/2020,tuesday,0
25/11/2020,wednesday,0
26/11/2020,thursday,0
27/11/2020,friday,0
28/11/2020,saturday,0
29/11/2020,sunday,0
30/11/2020,monday,0
01/12/2020,tuesday,0
02/12/2020,wednesday,0
03/12/2020,thursday,0
04/12/2020,friday,0
05/12/2020,saturday,0
06/12/2020,sunday,0
07/12/2020,monday,1
08/12/2020,tuesday,1
09/12/2020,wednesday,0
10/12/2020,thursday,0
11/12/2020,friday,0
12/12/2020,saturday,0
13/12/2020,sunday,0
14/12/2020,monday,0
15/12/2020,tuesday,0
16/12/2020,wednesday,0
17/12/2020,thursday,0
18/12/2020,friday,0
19/12/2020,saturday,0
20/12/2020,sunday,0
21/12/2020,monday,0
22/12/2020,tuesday,0
23/12/2020,wednesday,0
24/12/2020,thursday,0
25/12/2020,friday,1
26/12/2020,saturday,0
27/12/2020,sunday,0
28/12/2020,monday,0
29/12/2020,tuesday,0
30/12/2020,wednesday,0
31/12/2020,thursday,0
01/01/2021,friday,1
02/01/2021,saturday,0
03/01/2021,sunday,0
04/01/2021,monday,0
05/01/2021,tuesday,0
06/01/2021,wednesday,1
07/01/2021,thursday,0
08/01/2021,friday,0
09/01/2021,saturday,0
10/01/2021,sunday,0
11/01/2021,monday,0
12/01/2021,tuesday,0
13/01/2021,wednesday,0
14/01/2021,thursday,0
15/01/2021,friday,0
16/01/2021,saturday,0
17/01/2021,sunday,0
18/01/2021,monday,0
19/01/2021,tuesday,0
20/01/2021,wednesday,0
21/01/2021,thursday,0
22/01/2021,friday,0
23/01/2021,saturday,0
24/01/2021,sunday,0
25/01/2021,monday,0
26/01/2021,tuesday,0
27/01/2021,wednesday,0
28/01/2021,thursday,0
29/01/2021,friday,0
30/01/2021,saturday,0
31/01/2021,sunday,0
01/02/2021,monday,0
02/02/2021,tuesday,0
03/02/2021,wednesday,0
04/02/2021,thursday,0
05/02/2021,friday,0
06/02/2021,saturday,0
07/02/2021,sunday,0
08/02/2021,monday,0
09/02/2021,tuesday,0
10/02/2021,wednesday,0
11/02/2021,thursday,0
12/02/2021,friday,0
13/02/2021,saturday,0
14/02/2021,sunday,0
15/02/2021,monday,0
16/02/2021,tuesday,0
17/02/2021,wednesday,0
18/02/2021,thursday,0
19/02/2021,friday,0
20/02/2021,saturday,0
21/02/2021,sunday,0
22/02/2021,monday,0
23/02/2021,tuesday,0
24/02/2021,wednesday,0
25/02/2021,thursday,0
26/02/2021,friday,0
27/02/2021,saturday,0
28/02/2021,sunday,0
01/03/2021,monday,0
02/03/2021,tuesday,0
03/03/2021,wednesday,0
04/03/2021,thursday,0
05/03/2021,friday,0
06/03/2021,saturday,0
07/03/2021,sunday,0
08/03/2021,monday,0
09/03/2021,tuesday,0
10/03/2021,wednesday,0
11/03/2021,thursday,0
12/03/2021,friday,0
13/03/2021,saturday,0
14/03/2021,sunday,0
15/03/2021,monday,0
16/03/2021,tuesday,0
17/03/2021,wednesday,0
18/03/2021,thursday,0
19/03/2021,friday,1
20/03/2021,saturday,0
21/03/2021,sunday,0
22/03/2021,monday,0
23/03/2021,tuesday,0
24/03/2021,wednesday,0
25/03/2021,thursday,0
26/03/2021,friday,0
27/03/2021,saturday,0
28/03/2021,sunday,0
29/03/2021,monday,0
30/03/2021,tuesday,0
31/03/2021,wednesday,0
01/04/2021,thursday,1
02/04/2021,friday,1
03/04/2021,saturday,0
04/04/2021,sunday,0
05/04/2021,monday,0
06/04/2021,tuesday,0
07/04/2021,wednesday,0
08/04/2021,thursday,0
09/04/2021,friday,0
10/04/2021,saturday,0
11/04/2021,sunday,0
12/04/2021,monday,0
13/04/2021,tuesday,0
14/04/2021,wednesday,0
15/04/2021,thursday,0
16/04/2021,friday,0
17/04/2021,saturday,0
18/04/2021,sunday,0
19/04/2021,monday,0
20/04/2021,tuesday,0
21/04/2021,wednesday,0
22/04/2021,thursday,0
23/04/2021,friday,0
24/04/2021,saturday,0
25/04/2021,sunday,0
26/04/2021,monday,0
27/04/2021,tuesday,0
28/04/2021,wednesday,0
29/04/2021,thursday,0
30/04/2021,friday,0
01/05/2021,saturday,1
02/05/2021,sunday,0
03/05/2021,monday,0
04/05/2021,tuesday,0
05/05/2021,wednesday,0
06/05/2021,thursday,0
07/05/2021,friday,0
08/05/2021,saturday,0
09/05/2021,sunday,0
10/05/2021,monday,0
11/05/2021,tuesday,0
12/05/2021,wednesday,0
13/05/2021,thursday,0
14/05/2021,friday,0
15/05/2021,saturday,0
16/05/2021,sunday,0
17/05/2021,monday,0
18/05/2021,tuesday,0
19/05/2021,wednesday,0
20/05/2021,thursday,0
21/05/2021,friday,0
22/05/2021,saturday,0
23/05/2021,sunday,0
24/05/2021,monday,0
25/05/2021,tuesday,0
26/05/2021,wednesday,0
27/05/2021,thursday,0
28/05/2021,friday,0
29/05/2021,saturday,0
30/05/2021,sunday,0
31/05/2021,monday,0
01/06/2021,tuesday,0
02/06/2021,wednesday,0
03/06/2021,thursday,0
04/06/2021,friday,0
05/06/2021,saturday,0
06/06/2021,sunday,0
07/06/2021,monday,0
08/06/2021,tuesday,0
09/06/2021,wednesday,0
10/06/2021,thursday,0
11/06/2021,friday,0
12/06/2021,saturday,0
13/06/2021,sunday,0
14/06/2021,monday,0
15/06/2021,tuesday,0
16/06/2021,wednesday,0
17/06/2021,thursday,0
18/06/2021,friday,0
19/06/2021,saturday,0
20/06/2021,sunday,0
21/06/2021,monday,0
22/06/2021,tuesday,0
23/06/2021,wednesday,0
24/06/2021,thursday,0
25/06/2021,friday,0
26/06/2021,saturday,0
27/06/2021,sunday,0
28/06/2021,monday,0
29/06/2021,tuesday,0
30/06/2021,wednesday,0
01/07/2021,thursday,0
02/07/2021,friday,0
03/07/2021,saturday,0
04/07/2021,sunday,0
05/07/2021,monday,0
06/07/2021,tuesday,0
07/07/2021,wednesday,0
08/07/2021,thursday,0
09/07/2021,friday,0
10/07/2021,saturday,0
11/07/2021,sunday,0
12/07/2021,monday,0
13/07/2021,tuesday,0
14/07/2021,wednesday,0
15/07/2021,thursday,0
16/07/2021,friday,0
17/07/2021,saturday,0
18/07/2021,sunday,0
19/07/2021,monday,0
20/07/2021,tuesday,0
21/07/2021,wednesday,0
22/07/2021,thursday,0
23/07/2021,friday,0
24/07/2021,saturday,0
25/07/2021,sunday,0
26/07/2021,monday,0
27/07/2021,tuesday,0
28/07/2021,wednesday,0
29/07/2021,thursday,0
30/07/2021,friday,0
31/07/2021,saturday,0
01/08/2021,sunday,0
02/08/2021,monday,0
03/08/2021,tuesday,0
04/08/2021,wednesday,0
05/08/2021,thursday,0
06/08/2021,friday,0
07/08/2021,saturday,0
08/08/2021,sunday,0
09/08/2021,monday,0
10/08/2021,tuesday,0
11/08/2021,wednesday,0
12/08/2021,thursday,0
13/08/2021,friday,0
14/08/2021,saturday,0
15/08/2021,sunday,0
16/08/2021,monday,0
17/08/2021,tuesday,0
18/08/2021,wednesday,0
19/08/2021,thursday,0
20/08/2021,friday,0
21/08/2021,saturday,0
22/08/2021,sunday,0
23/08/2021,monday,0
24/08/2021,tuesday,0
25/08/2021,wednesday,0
26/08/2021,thursday,0
27/08/2021,friday,0
28/08/2021,saturday,0
29/08/2021,sunday,0
30/08/2021,monday,0
31/08/2021,tuesday,0
01/09/2021,wednesday,0
02/09/2021,thursday,0
03/09/2021,friday,0
04/09/2021,saturday,0
05/09/2021,sunday,0
06/09/2021,monday,0
07/09/2021,tuesday,0
08/09/2021,wednesday,1
09/09/2021,thursday,0
10/09/2021,friday,0
11/09/2021,saturday,0
12/09/2021,sunday,0
13/09/2021,monday,0
14/09/2021,tuesday,0
15/09/2021,wednesday,0
16/09/2021,thursday,0
17/09/2021,friday,0
18/09/2021,saturday,0
19/09/2021,sunday,0
20/09/2021,monday,0
21/09/2021,tuesday,0
22/09/2021,wednesday,0
23/09/2021,thursday,0
24/09/2021,friday,0
25/09/2021,saturday,0
26/09/2021,sunday,0
27/09/2021,monday,0
28/09/2021,tuesday,0
29/09/2021,wednesday,0
30/09/2021,thursday,0
01/10/2021,friday,0
02/10/2021,saturday,0
03/10/2021,sunday,0
04/10/2021,monday,0
05/10/2021,tuesday,0
06/10/2021,wednesday,0
07/10/2021,thursday,0
08/10/2021,friday,0
09/10/2021,saturday,0
10/10/2021,sunday,0
11/10/2021,monday,0
12/10/2021,tuesday,1
13/10/2021,wednesday,0
14/10/2021,thursday,0
15/10/2021,friday,0
16/10/2021,saturday,0
17/10/2021,sunday,0
18/10/2021,monday,0
19/10/2021,tuesday,0
20/10/2021,wednesday,0
21/10/2021,thursday,0
22/10/2021,friday,0
23/10/2021,saturday,0
24/10/2021,sunday,0
25/10/2021,monday,0
26/10/2021,tuesday,0
27/10/2021,wednesday,0
28/10/2021,thursday,0
29/10/2021,friday,0
30/10/2021,saturday,0
31/10/2021,sunday,0
01/11/2021,monday,1
02/11/2021,tuesday,0
03/11/2021,wednesday,0
04/11/2021,thursday,0
05/11/2021,friday,0
06/11/2021,saturday,0
07/11/2021,sunday,0
08/11/2021,monday,0
09/11/2021,tuesday,0
10/11/2021,wednesday,0
11/11/2021,thursday,0
12/11/2021,friday,0
13/11/2021,saturday,0
14/11/2021,sunday,0
15/11/2021,monday,0
16/11/2021,tuesday,0
17/11/2021,wednesday,0
18/11/2021,thursday,0
19/11/2021,friday,0
20/11/2021,saturday,0
21/11/2021,sunday,0
22/11/2021,monday,0
23/11/2021,tuesday,0
24/11/2021,wednesday,0
25/11/2021,thursday,0
26/11/2021,friday,0
27/11/2021,saturday,0
28/11/2021,sunday,0
29/11/2021,monday,0
30/11/2021,tuesday,0
01/12/2021,wednesday,0
02/12/2021,thursday,0
03/12/2021,friday,0
04/12/2021,saturday,0
05/12/2021,sunday,0
06/12/2021,monday,1
07/12/2021,tuesday,0
08/12/2021,wednesday,1
09/12/2021,thursday,0
10/12/2021,friday,0
11/12/2021,saturday,0
12/12/2021,sunday,0
13/12/2021,monday,0
14/12/2021,tuesday,0
15/12/2021,wednesday,0
16/12/2021,thursday,0
17/12/2021,friday,0
18/12/2021,saturday,0
19/12/2021,sunday,0
20/12/2021,monday,0
21/12/2021,tuesday,0
22/12/2021,wednesday,0
23/12/2021,thursday,0
24/12/2021,friday,0
25/12/2021,saturday,1
26/12/2021,sunday,0
27/12/2021,monday,0
28/12/2021,tuesday,0
29/12/2021,wednesday,0
30/12/2021,thursday,0
31/12/2021,friday,0
01/01/2022,saturday,1
02/01/2022,sunday,0
03/01/2022,monday,0
04/01/2022,tuesday,0
05/01/2022,wednesday,0
06/01/2022,thursday,1
07/01/2022,friday,0
08/01/2022,saturday,0
09/01/2022,sunday,0
10/01/2022,monday,0
11/01/2022,tuesday,0
12/01/2022,wednesday,0
13/01/2022,thursday,0
14/01/2022,friday,0
15/01/2022,saturday,0
16/01/2022,sunday,0
17/01/2022,monday,0
18/01/2022,tuesday,0
19/01/2022,wednesday,0
20/01/2022,thursday,0
21/01/2022,friday,0
22/01/2022,saturday,0
23/01/2022,sunday,0
24/01/2022,monday,0
25/01/2022,tuesday,0
26/01/2022,wednesday,0
27/01/2022,thursday,0
28/01/2022,friday,0
29/01/2022,saturday,0
30/01/2022,sunday,0
31/01/2022,monday,0
01/02/2022,tuesday,0
02/02/2022,wednesday,0
03/02/2022,thursday,0
04/02/2022,friday,0
05/02/2022,saturday,0
06/02/2022,sunday,0
07/02/2022,monday,0
08/02/2022,tuesday,0
09/02/2022,wednesday,0
10/02/2022,thursday,0
11/02/2022,friday,0
12/02/2022,saturday,0
13/02/2022,sunday,0
14/02/2022,monday,0
15/02/2022,tuesday,0
16/02/2022,wednesday,0
17/02/2022,thursday,0
18/02/2022,friday,0
19/02/2022,saturday,0
20/02/2022,sunday,0
21/02/2022,monday,0
22/02/2022,tuesday,0
23/02/2022,wednesday,0
24/02/2022,thursday,0
25/02/2022,friday,0
26/02/2022,saturday,0
27/02/2022,sunday,0
28/02/2022,monday,0
01/03/2022,tuesday,0
02/03/2022,wednesday,0
03/03/2022,thursday,0
04/03/2022,friday,0
05/03/2022,saturday,0
06/03/2022,sunday,0
07/03/2022,monday,0
08/03/2022,tuesday,0
09/03/2022,wednesday,0
10/03/2022,thursday,0
11/03/2022,friday,0
12/03/2022,saturday,0
13/03/2022,sunday,0
14/03/2022,monday,0
15/03/2022,tuesday,0
16/03/2022,wednesday,0
17/03/2022,thursday,0
18/03/2022,friday,0
19/03/2022,saturday,0
20/03/2022,sunday,0
21/03/2022,monday,0
22/03/2022,tuesday,0
23/03/2022,wednesday,0
24/03/2022,thursday,0
25/03/2022,friday,0
26/03/2022,saturday,0
27/03/2022,sunday,0
28/03/2022,monday,0
29/03/2022,tuesday,0
30/03/2022,wednesday,0
31/03/2022,thursday,0
01/04/2022,friday,0
02/04/2022,saturday,0
03/04/2022,sunday,0
04/04/2022,monday,0
05/04/2022,tuesday,0
06/04/2022,wednesday,0
07/04/2022,thursday,0
08/04/2022,friday,0
09/04/2022,saturday,0
10/04/2022,sunday,0
11/04/2022,monday,0
12/04/2022,tuesday,0
13/04/2022,wednesday,0
14/04/2022,thursday,1
15/04/2022,friday,1
16/04/2022,saturday,0
17/04/2022,sunday,0
18/04/2022,monday,0
19/04/2022,tuesday,0
20/04/2022,wednesday,0
21/04/2022,thursday,0
22/04/2022,friday,0
23/04/2022,saturday,0
24/04/2022,sunday,0
25/04/2022,monday,0
26/04/2022,tuesday,0
27/04/2022,wednesday,0
28/04/2022,thursday,0
29/04/2022,friday,0
30/04/2022,saturday,0
01/05/2022,sunday,0
02/05/2022,monday,1
03/05/2022,tuesday,0
04/05/2022,wednesday,0
05/05/2022,thursday,0
06/05/2022,friday,0
07/05/2022,saturday,0
08/05/2022,sunday,0
09/05/2022,monday,0
10/05/2022,tuesday,0
11/05/2022,wednesday,0
12/05/2022,thursday,0
13/05/2022,friday,0
14/05/2022,saturday,0
15/05/2022,sunday,0
16/05/2022,monday,0
17/05/2022,tuesday,0
18/05/2022,wednesday,0
19/05/2022,thursday,0
20/05/2022,friday,0
21/05/2022,saturday,0
22/05/2022,sunday,0
23/05/2022,monday,0
24/05/2022,tuesday,0
25/05/2022,wednesday,0
26/05/2022,thursday,0
27/05/2022,friday,0
28/05/2022,saturday,0
29/05/2022,sunday,0
30/05/2022,monday,0
31/05/2022,tuesday,0
01/06/2022,wednesday,0
02/06/2022,thursday,0
03/06/2022,friday,0
04/06/2022,saturday,0
05/06/2022,sunday,0
06/06/2022,monday,0
07/06/2022,tuesday,0
08/06/2022,wednesday,0
09/06/2022,thursday,0
10/06/2022,friday,0
11/06/2022,saturday,0
12/06/2022,sunday,0
13/06/2022,monday,0
14/06/2022,tuesday,0
15/06/2022,wednesday,0
16/06/2022,thursday,0
17/06/2022,friday,0
18/06/2022,saturday,0
19/06/2022,sunday,0
20/06/2022,monday,0
21/06/2022,tuesday,0
22/06/2022,wednesday,0
23/06/2022,thursday,0
24/06/2022,friday,0
25/06/2022,saturday,0
26/06/2022,sunday,0
27/06/2022,monday,0
28/06/2022,tuesday,0
29/06/2022,wednesday,0
30/06/2022,thursday,0
01/07/2022,friday,0
02/07/2022,saturday,0
03/07/2022,sunday,0
04/07/2022,monday,0
05/07/2022,tuesday,0
06/07/2022,wednesday,0
07/07/2022,thursday,0
08/07/2022,friday,0
09/07/2022,saturday,0
10/07/2022,sunday,0
11/07/2022,monday,0
12/07/2022,tuesday,0
13/07/2022,wednesday,0
14/07/2022,thursday,0
15/07/2022,friday,0
16/07/2022,saturday,0
17/07/2022,sunday,0
18/07/2022,monday,0
19/07/2022,tuesday,0
20/07/2022,wednesday,0
21/07/2022,thursday,0
22/07/2022,friday,0
23/07/2022,saturday,0
24/07/2022,sunday,0
25/07/2022,monday,0
26/07/2022,tuesday,0
27/07/2022,wednesday,0
28/07/2022,thursday,0
29/07/2022,friday,0
30/07/2022,saturday,0
31/07/2022,sunday,0
01/08/2022,monday,0
02/08/2022,tuesday,0
03/08/2022,wednesday,0
04/08/2022,thursday,0
05/08/2022,friday,0
06/08/2022,saturday,0
07/08/2022,sunday,0
08/08/2022,monday,0
09/08/2022,tuesday,0
10/08/2022,wednesday,0
11/08/2022,thursday,0
12/08/2022,friday,0
13/08/2022,saturday,0
14/08/2022,sunday,0
15/08/2022,monday,1
16/08/2022,tuesday,0
17/08/2022,wednesday,0
18/08/2022,thursday,0
19/08/2022,friday,0
20/08/2022,saturday,0
21/08/2022,sunday,0
22/08/2022,monday,0
23/08/2022,tuesday,0
24/08/2022,wednesday,0
25/08/2022,thursday,0
26/08/2022,friday,0
27/08/2022,saturday,0
28/08/2022,sunday,0
29/08/2022,monday,0
30/08/2022,tuesday,0
31/08/2022,wednesday,0
01/09/2022,thursday,0
02/09/2022,friday,0
03/09/2022,saturday,0
04/09/2022,sunday,0
05/09/2022,monday,0
06/09/2022,tuesday,0
07/09/2022,wednesday,0
08/09/2022,thursday,1
09/09/2022,friday,0
10/09/2022,saturday,0
11/09/2022,sunday,0
12/09/2022,monday,0
13/09/2022,tuesday,0
14/09/2022,wednesday,0
15/09/2022,thursday,0
16/09/2022,friday,0
17/09/2022,saturday,0
18/09/2022,sunday,0
19/09/2022,monday,0
20/09/2022,tuesday,0
21/09/2022,wednesday,0
22/09/2022,thursday,0
23/09/2022,friday,0
24/09/2022,saturday,0
25/09/2022,sunday,0
26/09/2022,monday,0
27/09/2022,tuesday,0
28/09/2022,wednesday,0
29/09/2022,thursday,0
30/09/2022,friday,0
01/10/2022,saturday,0
02/10/2022,sunday,0
03/10/2022,monday,0
04/10/2022,tuesday,0
05/10/2022,wednesday,0
06/10/2022,thursday,0
07/10/2022,friday,0
08/10/2022,saturday,0
09/10/2022,sunday,0
10/10/2022,monday,0
11/10/2022,tuesday,0
12/10/2022,wednesday,1
13/10/2022,thursday,0
14/10/2022,friday,0
15/10/2022,saturday,0
16/10/2022,sunday,0
17/10/2022,monday,0
18/10/2022,tuesday,0
19/10/2022,wednesday,0
20/10/2022,thursday,0
21/10/2022,friday,0
22/10/2022,saturday,0
23/10/2022,sunday,0
24/10/2022,monday,0
25/10/2022,tuesday,0
26/10/2022,wednesday,0
27/10/2022,thursday,0
28/10/2022,friday,0
29/10/2022,saturday,0
30/10/2022,sunday,0
31/10/2022,monday,0
01/11/2022,tuesday,1
02/11/2022,wednesday,0
03/11/2022,thursday,0
04/11/2022,friday,0
05/11/2022,saturday,0
06/11/2022,sunday,0
07/11/2022,monday,0
08/11/2022,tuesday,0
09/11/2022,wednesday,0
10/11/2022,thursday,0
11/11/2022,friday,0
12/11/2022,saturday,0
13/11/2022,sunday,0
14/11/2022,monday,0
15/11/2022,tuesday,0
16/11/2022,wednesday,0
17/11/2022,thursday,0
18/11/2022,friday,0
19/11/2022,saturday,0
20/11/2022,sunday,0
21/11/2022,monday,0
22/11/2022,tuesday,0
23/11/2022,wednesday,0
24/11/2022,thursday,0
25/11/2022,friday,0
26/11/2022,saturday,0
27/11/2022,sunday,0
28/11/2022,monday,0
29/11/2022,tuesday,0
30/11/2022,wednesday,0
01/12/2022,thursday,0
02/12/2022,friday,0
03/12/2022,saturday,0
04/12/2022,sunday,0
05/12/2022,monday,0
06/12/2022,tuesday,1
07/12/2022,wednesday,0
08/12/2022,thursday,1
09/12/2022,friday,0
10/12/2022,saturday,0
11/12/2022,sunday,0
12/12/2022,monday,0
13/12/2022,tuesday,0
14/12/2022,wednesday,0
15/12/2022,thursday,0
16/12/2022,friday,0
17/12/2022,saturday,0
18/12/2022,sunday,0
19/12/2022,monday,0
20/12/2022,tuesday,0
21/12/2022,wednesday,0
22/12/2022,thursday,0
23/12/2022,friday,0
24/12/2022,saturday,0
25/12/2022,sunday,0
26/12/2022,monday,1
27/12/2022,tuesday,0
28/12/2022,wednesday,0
29/12/2022,thursday,0
30/12/2022,friday,0
31/12/2022,saturday,0
01/01/2023,sunday,0
02/01/2023,monday,0
03/01/2023,tuesday,0
04/01/2023,wednesday,0
05/01/2023,thursday,0
06/01/2023,friday,1
07/01/2023,saturday,0
08/01/2023,sunday,0
09/01/2023,monday,0
10/01/2023,tuesday,0
11/01/2023,wednesday,0
12/01/2023,thursday,0
13/01/2023,friday,0
14/01/2023,saturday,0
15/01/2023,sunday,0
16/01/2023,monday,0
17/01/2023,tuesday,0
18/01/2023,wednesday,0
19/01/2023,thursday,0
20/01/2023,friday,0
21/01/2023,saturday,0
22/01/2023,sunday,0
23/01/2023,monday,0
24/01/2023,tuesday,0
25/01/2023,wednesday,0
26/01/2023,thursday,0
27/01/2023,friday,0
28/01/2023,saturday,0
29/01/2023,sunday,0
30/01/2023,monday,0
31/01/2023,tuesday,0
01/02/2023,wednesday,0
02/02/2023,thursday,0
03/02/2023,friday,0
04/02/2023,saturday,0
05/02/2023,sunday,0
06/02/2023,monday,0
07/02/2023,tuesday,0
08/02/2023,wednesday,0
09/02/2023,thursday,0
10/02/2023,friday,0
11/02/2023,saturday,0
12/02/2023,sunday,0
13/02/2023,monday,0
14/02/2023,tuesday,0
15/02/2023,wednesday,0
16/02/2023,thursday,0
17/02/2023,friday,0
18/02/2023,saturday,0
19/02/2023,sunday,0
20/02/2023,monday,0
21/02/2023,tuesday,1
22/02/2023,wednesday,0
23/02/2023,thursday,0
24/02/2023,friday,0
25/02/2023,saturday,0
26/02/2023,sunday,0
27/02/2023,monday,0
28/02/2023,tuesday,0
01/03/2023,wednesday,0
02/03/2023,thursday,0
03/03/2023,friday,0
04/03/2023,saturday,0
05/03/2023,sunday,0
06/03/2023,monday,0
07/03/2023,tuesday,0
08/03/2023,wednesday,0
09/03/2023,thursday,0
10/03/2023,friday,0
11/03/2023,saturday,0
12/03/2023,sunday,0
13/03/2023,monday,0
14/03/2023,tuesday,0
15/03/2023,wednesday,0
16/03/2023,thursday,0
17/03/2023,friday,0
18/03/2023,saturday,0
19/03/2023,sunday,0
20/03/2023,monday,0
21/03/2023,tuesday,0
22/03/2023,wednesday,0
23/03/2023,thursday,0
24/03/2023,friday,0
25/03/2023,saturday,0
26/03/2023,sunday,0
27/03/2023,monday,0
28/03/2023,tuesday,0
29/03/2023,wednesday,0
30/03/2023,thursday,0
31/03/2023,friday,0
01/04/2023,saturday,0
02/04/2023,sunday,0
03/04/2023,monday,0
04/04/2023,tuesday,0
05/04/2023,wednesday,0
06/04/2023,thursday,1
07/04/2023,friday,1
08/04/2023,saturday,0
09/04/2023,sunday,0
10/04/2023,monday,0
11/04/2023,tuesday,0
12/04/2023,wednesday,0
13/04/2023,thursday,0
14/04/2023,friday,0
15/04/2023,saturday,0
16/04/2023,sunday,0
17/04/2023,monday,0
18/04/2023,tuesday,0
19/04/2023,wednesday,0
20/04/2023,thursday,0
21/04/2023,friday,0
22/04/2023,saturday,0
23/04/2023,sunday,0
24/04/2023,monday,0
25/04/2023,tuesday,0
26/04/2023,wednesday,0
27/04/2023,thursday,0
28/04/2023,friday,0
29/04/2023,saturday,0
30/04/2023,sunday,0
01/05/2023,monday,1
02/05/2023,tuesday,0
03/05/2023,wednesday,0
04/05/2023,thursday,0
05/05/2023,friday,0
06/05/2023,saturday,0
07/05/2023,sunday,0
08/05/2023,monday,0
09/05/2023,tuesday,0
10/05/2023,wednesday,0
11/05/2023,thursday,0
12/05/2023,friday,0
13/05/2023,saturday,0
14/05/2023,sunday,0
15/05/2023,monday,0
16/05/2023,tuesday,0
17/05/2023,wednesday,0
18/05/2023,thursday,0
19/05/2023,friday,0
20/05/2023,saturday,0
21/05/2023,sunday,0
22/05/2023,monday,0
23/05/2023,tuesday,0
24/05/2023,wednesday,0
25/05/2023,thursday,0
26/05/2023,friday,0
27/05/2023,saturday,0
28/05/2023,sunday,0
29/05/2023,monday,0
30/05/2023,tuesday,0
31/05/2023,wednesday,0
01/06/2023,thursday,0
02/06/2023,friday,0
03/06/2023,saturday,0
04/06/2023,sunday,0
05/06/2023,monday,0
06/06/2023,tuesday,0
07/06/2023,wednesday,0
08/06/2023,thursday,0
09/06/2023,friday,0
10/06/2023,saturday,0
11/06/2023,sunday,0
12/06/2023,monday,0
13/06/2023,tuesday,0
14/06/2023,wednesday,0
15/06/2023,thursday,0
16/06/2023,friday,0
17/06/2023,saturday,0
18/06/2023,sunday,0
19/06/2023,monday,0
20/06/2023,tuesday,0
21/06/2023,wednesday,0
22/06/2023,thursday,0
23/06/2023,friday,0
24/06/2023,saturday,0
25/06/2023,sunday,0
26/06/2023,monday,0
27/06/2023,tuesday,0
28/06/2023,wednesday,0
29/06/2023,thursday,0
30/06/2023,friday,0
01/07/2023,saturday,0
02/07/2023,sunday,0
03/07/2023,monday,0
04/07/2023,tuesday,0
05/07/2023,wednesday,0
06/07/2023,thursday,0
07/07/2023,friday,0
08/07/2023,saturday,0
09/07/2023,sunday,0
10/07/2023,monday,0
11/07/2023,tuesday,0
12/07/2023,wednesday,0
13/07/2023,thursday,0
14/07/2023,friday,0
15/07/2023,saturday,0
16/07/2023,sunday,0
17/07/2023,monday,0
18/07/2023,tuesday,0
19/07/2023,wednesday,0
20/07/2023,thursday,0
21/07/2023,friday,0
22/07/2023,saturday,0
23/07/2023,sunday,0
24/07/2023,monday,0
25/07/2023,tuesday,0
26/07/2023,wednesday,0
27/07/2023,thursday,0
28/07/2023,friday,0
29/07/2023,saturday,0
30/07/2023,sunday,0
31/07/2023,monday,0
01/08/2023,tuesday,0
02/08/2023,wednesday,0
03/08/2023,thursday,0
04/08/2023,friday,0
05/08/2023,saturday,0
06/08/2023,sunday,0
07/08/2023,monday,0
08/08/2023,tuesday,0
09/08/2023,wednesday,0
10/08/2023,thursday,0
11/08/2023,friday,0
12/08/2023,saturday,0
13/08/2023,sunday,0
14/08/2023,monday,0
15/08/2023,tuesday,1
16/08/2023,wednesday,0
17/08/2023,thursday,0
18/08/2023,friday,0
19/08/2023,saturday,0
20/08/2023,sunday,0
21/08/2023,monday,0
22/08/2023,tuesday,0
23/08/2023,wednesday,0
24/08/2023,thursday,0
25/08/2023,friday,0
26/08/2023,saturday,0
27/08/2023,sunday,0
28/08/2023,monday,0
29/08/2023,tuesday,0
30/08/2023,wednesday,0
31/08/2023,thursday,0
01/09/2023,friday,0
02/09/2023,saturday,0
03/09/2023,sunday,0
04/09/2023,monday,0
05/09/2023,tuesday,0
06/09/2023,wednesday,0
07/09/2023,thursday,0
08/09/2023,friday,1
09/09/2023,saturday,0
10/09/2023,sunday,0
11/09/2023,monday,0
12/09/2023,tuesday,0
13/09/2023,wednesday,0
14/09/2023,thursday,0
15/09/2023,friday,0
16/09/2023,saturday,0
17/09/2023,sunday,0
18/09/2023,monday,0
19/09/2023,tuesday,0
20/09/2023,wednesday,0
21/09/2023,thursday,0
22/09/2023,friday,0
23/09/2023,saturday,0
24/09/2023,sunday,0
25/09/2023,monday,0
26/09/2023,tuesday,0
27/09/2023,wednesday,0
28/09/2023,thursday,0
29/09/2023,friday,0
30/09/2023,saturday,0
01/10/2023,sunday,0
02/10/2023,monday,0
03/10/2023,tuesday,0
04/10/2023,wednesday,0
05/10/2023,thursday,0
06/10/2023,friday,0
07/10/2023,saturday,0
08/10/2023,sunday,0
09/10/2023,monday,0
10/10/2023,tuesday,0
11/10/2023,wednesday,0
12/10/2023,thursday,1
13/10/2023,friday,0
14/10/2023,saturday,0
15/10/2023,sunday,0
16/10/2023,monday,0
17/10/2023,tuesday,0
18/10/2023,wednesday,0
19/10/2023,thursday,0
20/10/2023,friday,0
21/10/2023,saturday,0
22/10/2023,sunday,0
23/10/2023,monday,0
24/10/2023,tuesday,0
25/10/2023,wednesday,0
26/10/2023,thursday,0
27/10/2023,friday,0
28/10/2023,saturday,0
29/10/2023,sunday,0
30/10/2023,monday,0
31/10/2023,tuesday,0
01/11/2023,wednesday,1
02/11/2023,thursday,0
03/11/2023,friday,0
04/11/2023,saturday,0
05/11/2023,sunday,0
06/11/2023,monday,0
07/11/2023,tuesday,0
08/11/2023,wednesday,0
09/11/2023,thursday,0
10/11/2023,friday,0
11/11/2023,saturday,0
12/11/2023,sunday,0
13/11/2023,monday,0
14/11/2023,tuesday,0
15/11/2023,wednesday,0
16/11/2023,thursday,0
17/11/2023,friday,0
18/11/2023,saturday,0
19/11/2023,sunday,0
20/11/2023,monday,0
21/11/2023,tuesday,0
22/11/2023,wednesday,0
23/11/2023,thursday,0
24/11/2023,friday,0
25/11/2023,saturday,0
26/11/2023,sunday,0
27/11/2023,monday,0
28/11/2023,tuesday,0
29/11/2023,wednesday,0
30/11/2023,thursday,0
01/12/2023,friday,0
02/12/2023,saturday,0
03/12/2023,sunday,0
04/12/2023,monday,0
05/12/2023,tuesday,0
06/12/2023,wednesday,1
07/12/2023,thursday,0
08/12/2023,friday,1
09/12/2023,saturday,0
10/12/2023,sunday,0
11/12/2023,monday,0
12/12/2023,tuesday,0
13/12/2023,wednesday,0
14/12/2023,thursday,0
15/12/2023,friday,0
16/12/2023,saturday,0
17/12/2023,sunday,0
18/12/2023,monday,0
19/12/2023,tuesday,0
20/12/2023,wednesday,0
21/12/2023,thursday,0
22/12/2023,friday,0
23/12/2023,saturday,0
24/12/2023,sunday,0
25/12/2023,monday,1
26/12/2023,tuesday,0
27/12/2023,wednesday,0
28/12/2023,thursday,0
29/12/2023,friday,0
30/12/2023,saturday,0
31/12/2023,sunday,0